{"stat.flyOneCm":51843,"stat.walkOneCm":118964,"stat.jump":104,"stat.playOneMinute":32445,"stat.useItem.minecraft.redstone_lamp":30,"stat.pickup.minecraft.redstone_torch":14,"stat.useItem.minecraft.stone":315,"stat.pickup.minecraft.repeater":3,"stat.useItem.minecraft.redstone":151,"stat.useItem.minecraft.repeater":55,"stat.leaveGame":1,"stat.sneakTime":1298,"stat.useItem.minecraft.wooden_button":4,"stat.pickup.minecraft.redstone":10,"stat.crouchOneCm":3135,"stat.timeSinceDeath":32445,"stat.useItem.minecraft.redstone_torch":55,"stat.sprintOneCm":3607,"stat.useItem.minecraft.sign":2,"stat.pickup.minecraft.wooden_button":1,"stat.useItem.minecraft.sandstone":23}